,image,player
0,5b7aacbc7c.jpg,bhuvneshwar_kumar
1,97c6d8b7ac.jpg,ravindra_jadeja
2,8b1f766237.jpg,jason_holder
3,2e05ab62b0.jpg,eoin_morgan
4,684bda2ece.jpg,lasith_malinga
5,d4793bec6f.jpg,hardik_pandya
6,08741d1f89.jpg,david_warner
7,50cd00d6cb.jpg,adam_zampa
8,64149cea11.jpg,anrich_nortje
9,e39ba54aca.jpg,joe_root
10,e43aaf4534.jpg,gulbadin_naib
11,f2117e8596.jpg,shimron_hetmyer
12,279061e052.jpg,rohit_sharma
13,9ef4298b8b.jpg,jason_behrendorff
14,57c169fa9a.jpg,steve_smith
15,f520e86114.jpg,babar_azam
16,bf3542e0d3.jpg,k._l._rahul
17,cffe113c36.jpg,shoaib_malik
18,5f40890d5d.jpg,jason_holder
19,7415b85179.jpg,jasprit_bumrah
20,ed29b31579.jpg,virat_kohli
21,a51d5fdd1a.jpg,virat_kohli
22,80b7ab4f33.jpg,bhuvneshwar_kumar
23,9b2be22f93.jpg,ravindra_jadeja
24,8ec80f5f52.jpg,angelo_mathews
25,d0a3c6e63b.jpg,babar_azam
26,14a9f4ddea.jpg,jasprit_bumrah
27,33853ac1f4.jpg,jason_holder
28,de1d01c287.jpg,alex_carey
29,3e6d3df7e9.jpg,mohammad_hafeez
30,4182449ca8.jpg,kusal_perera
31,d95c9391ce.jpg,rashid_khan
32,b933f10771.jpg,angelo_mathews
33,15192e31b8.jpg,ms_dhoni
34,ff0a43277b.jpg,mujeeb_ur_rahman
35,2f083d7d58.jpg,ross_taylor
36,31ba1ba66d.jpg,tabraiz_shamsi
37,b289e78fe9.jpg,marcus_stoinis
38,cf420c8f32.jpg,steve_smith
39,19c3604717.jpg,hardik_pandya
40,48def74224.jpg,ravindra_jadeja
41,405254c1f5.jpg,andre_russell
42,79264e7c5a.jpg,kemar_roach
43,03a2a5d96d.jpg,imam-ul-haq
44,c343670af2.jpg,david_warner
45,853675995e.jpg,rohit_sharma
46,b8abbd8b8a.jpg,isuru_udana
47,bcacad1101.jpg,rashid_khan
48,b070d9ece1.jpg,steve_smith
49,fa454ab5b8.jpg,adil_rashid
50,d8261fa661.jpg,kusal_perera
51,c8bd033d6e.jpg,dinesh_karthik
52,16ef7aa944.jpg,jonny_bairstow
53,afbbf4f0f2.jpg,jason_behrendorff
54,3acfa60707.jpg,angelo_mathews
55,f68dd4060e.jpg,jp_duminy
56,59f991c28c.jpg,fakhar_zaman
57,db4ba97b8f.jpg,jason_behrendorff
58,66b2bd148b.jpg,faf_du_plessis
59,9795169e32.jpg,shoaib_malik
60,394206845f.jpg,jason_behrendorff
61,14e711e5a9.jpg,virat_kohli
62,0dd405f7a5.jpg,mitchell_starc
63,28c89f1f94.jpg,dinesh_karthik
64,5393a90afc.jpg,david_warner
65,4881b78ce1.jpg,tom_curran
66,ea201b76b4.jpg,shoaib_malik
67,820fd95934.jpg,quinton_de_kock
68,295cf42093.jpg,ravindra_jadeja
69,ac7dcfc6a5.jpg,ben_stokes
70,1a8ccd8309.jpg,alex_carey
71,c6559366ed.jpg,joe_root
72,521534d306.jpg,kuldeep_yadav
73,a88a0049f8.jpg,trent_boult
74,c212e3d3b3.jpg,moeen_ali
75,e32a307c91.jpg,mushfiqur_rahim
76,cf20df4b23.jpg,chris_morris
77,e943b20114.jpg,dale_steyn
78,9a5b6a2907.jpg,trent_boult
79,0be7e0cf5f.jpg,shakib_al_hasan
80,d0c7a91a19.jpg,aaron_finch
81,5b4b2c2ceb.jpg,shikhar_dhawan
82,fdc062b491.jpg,adil_rashid
83,ecc5288b35.jpg,shimron_hetmyer
84,4404b07735.jpg,angelo_mathews
85,e33f5faa82.jpg,andre_russell
86,3f50a15b15.jpg,jason_holder
87,5feeec19b6.jpg,adil_rashid
88,de1931482f.jpg,jp_duminy
89,cb4d774323.jpg,hardik_pandya
90,5aefd67cfc.jpg,jos_buttler
91,9a30cc47d2.jpg,anrich_nortje
92,2ddf88ff54.jpg,rashid_khan
93,3ff81454c3.jpg,shimron_hetmyer
94,ae17fb6771.jpg,lungi_ngidi
95,11293789e3.jpg,kemar_roach
96,3a27620e83.jpg,dinesh_karthik
97,001d3a596e.jpg,samiullah_shinwari
98,7eedaf5b4b.jpg,angelo_mathews
99,186ee52cbb.jpg,virat_kohli
100,0ca9315e2c.jpg,moeen_ali
101,964e47fcba.jpg,nathan_coulter-nile
102,07230d261a.jpg,kuldeep_yadav
103,ee4037426a.jpg,rashid_khan
104,749e9439a9.jpg,mujeeb_ur_rahman
105,04b0eb14d7.jpg,adil_rashid
106,284d1ed051.jpg,samiullah_shinwari
107,e56dc54986.jpg,steve_smith
108,dac0cee7b1.jpg,alex_carey
109,a0e18b5bb6.jpg,samiullah_shinwari
110,8c48441c92.jpg,mitchell_starc
111,4beabcf4da.jpg,shoaib_malik
112,fae7fc1cff.jpg,thisara_perera
113,9dec77b091.jpg,shadab_khan
114,da1bef4658.jpg,ravindra_jadeja
115,1e1a862bb0.jpg,joe_root
116,d0ba92a23a.jpg,mitchell_starc
117,19605ed220.jpg,tom_curran
118,d087e04caa.jpg,shoaib_malik
119,65c757bcf3.jpg,shikhar_dhawan
120,b255e7878a.jpg,hardik_pandya
121,c38fef7e59.jpg,adam_zampa
122,2d6628698b.jpg,vijay_shankar
123,dcc2d57422.jpg,jos_buttler
124,8f15d6c1ad.jpg,jason_holder
125,268df91d72.jpg,mujeeb_ur_rahman
126,b5d8fa679a.jpg,mitchell_starc
127,42b2e791bc.jpg,tabraiz_shamsi
128,04001059f3.jpg,eoin_morgan
129,9ad09e87eb.jpg,shakib_al_hasan
130,34d969c12a.jpg,sarfaraz_ahmed
131,5656906b83.jpg,nathan_coulter-nile
132,676b2554d6.jpg,bhuvneshwar_kumar
133,5e7e3ef2f5.jpg,ben_stokes
134,d9a276df25.jpg,trent_boult
135,ef99c0774a.jpg,kane_williamson
136,bb2888c936.jpg,mushfiqur_rahim
137,997bccff46.jpg,jasprit_bumrah
138,36a01c3707.jpg,quinton_de_kock
139,551289a80e.jpg,trent_boult
140,1bce115994.jpg,marcus_stoinis
141,d06c630ea5.jpg,vijay_shankar
142,af896efe34.jpg,ms_dhoni
143,e4fbcec4d6.jpg,shakib_al_hasan
144,1bbcf69fdb.jpg,hardik_pandya
145,39ef9c57db.jpg,kuldeep_yadav
146,e555a59d3c.jpg,aaron_finch
147,5eda7f2bde.jpg,bhuvneshwar_kumar
148,5c85eff4e2.jpg,virat_kohli
149,d24db138b6.jpg,k._l._rahul
150,60ab004787.jpg,jonny_bairstow
151,ac1e20b039.jpg,pat_cummins
152,bbb634b7c4.jpg,andre_russell
153,e7893ebe1c.jpg,pat_cummins
154,e0eea6db1d.jpg,imam-ul-haq
155,6a10c06eb5.jpg,jason_holder
156,ddcc06ccbb.jpg,david_warner
157,0b01175f4a.jpg,bhuvneshwar_kumar
158,e675e816d2.jpg,adil_rashid
159,0cd6d8d2fd.jpg,mitchell_starc
160,ec1cb1f808.jpg,moeen_ali
161,476b9cce47.jpg,ravindra_jadeja
162,23b4a8afeb.jpg,mitchell_starc
163,4025e819ff.jpg,mitchell_starc
164,0263083430.jpg,imam-ul-haq
165,dde66524ce.jpg,virat_kohli
166,106b3259e3.jpg,dale_steyn
167,fea0630204.jpg,kane_williamson
168,71f329d8b9.jpg,samiullah_shinwari
169,43d50db65d.jpg,dale_steyn
170,c9b0789039.jpg,samiullah_shinwari
171,f84e564763.jpg,babar_azam
172,f84b2b1b9e.jpg,eoin_morgan
173,c91544752e.jpg,shakib_al_hasan
174,0ff7d654a7.jpg,lungi_ngidi
175,71c449fb1f.jpg,shimron_hetmyer
176,bb331085dd.jpg,jonny_bairstow
177,964deb356b.jpg,gulbadin_naib
178,a45aabf1ab.jpg,babar_azam
179,b9b4610394.jpg,isuru_udana
180,e288f01fdb.jpg,anrich_nortje
181,afb570ad98.jpg,mohammad_hafeez
182,f3ebd9c051.jpg,adam_zampa
183,dd4dfcbe4f.jpg,kusal_perera
184,c7cc702f84.jpg,vijay_shankar
185,364802f141.jpg,rashid_khan
186,b1f47d1bc5.jpg,ben_stokes
187,b8b6b19c78.jpg,ben_stokes
188,bc5fac6c49.jpg,avishka_fernando
189,dcb9e45a32.jpg,mujeeb_ur_rahman
190,d92d3bd196.jpg,k._l._rahul
191,220cd18759.jpg,adam_zampa
192,bda6f1a87d.jpg,vijay_shankar
193,14aa8897f6.jpg,ms_dhoni
194,fc193b4392.jpg,pat_cummins
195,07b1d82a40.jpg,isuru_udana
196,a973b8b873.jpg,vijay_shankar
197,829d8e31c2.jpg,kemar_roach
198,7117664339.jpg,ravindra_jadeja
199,9ce50fde32.jpg,shoaib_malik
200,2cd248ae6d.jpg,jason_holder
201,e67f19aa53.jpg,k._l._rahul
202,c6efd93bb2.jpg,kusal_perera
203,fc81ee109c.jpg,sarfaraz_ahmed
204,a0ded501bf.jpg,shadab_khan
205,c40617be81.jpg,shikhar_dhawan
206,7f9925b306.jpg,jason_roy
207,05292ba299.jpg,nathan_coulter-nile
208,7b8bfe39fd.jpg,eoin_morgan
209,f05f7681af.jpg,pat_cummins
210,ef22c592fe.jpg,isuru_udana
211,b5e594c544.jpg,ross_taylor
212,939d859b4a.jpg,dinesh_karthik
213,9527d09eac.jpg,adam_zampa
214,7238a4d9e7.jpg,adam_zampa
215,6b0252faa4.jpg,tom_curran
216,ac90b302ed.jpg,thisara_perera
217,92b2c5ecb8.jpg,jos_buttler
218,8e5df02188.jpg,shakib_al_hasan
219,87a6c7a84e.jpg,ross_taylor
220,8446d0e855.jpg,jp_duminy
221,d67d98e824.jpg,shimron_hetmyer
222,9c9d236ed1.jpg,lasith_malinga
223,f544db361d.jpg,imam-ul-haq
224,a0a9fc935a.jpg,jason_behrendorff
225,ff50554c33.jpg,aaron_finch
226,f017c21d25.jpg,bhuvneshwar_kumar
227,9df1510571.jpg,steve_smith
228,a6f5f60b55.jpg,mohammad_hafeez
229,978941aa2d.jpg,avishka_fernando
230,35cb837e41.jpg,joe_root
231,3c28176658.jpg,jasprit_bumrah
232,11fa699e1e.jpg,marcus_stoinis
233,2d18603119.jpg,anrich_nortje
234,47093205f0.jpg,alex_carey
235,b934500dd3.jpg,isuru_udana
236,8841a6df70.jpg,jason_roy
237,3e331c8c2f.jpg,dinesh_karthik
238,548d4df0bc.jpg,shoaib_malik
239,2fd9b6608b.jpg,shakib_al_hasan
240,0fe0367818.jpg,adil_rashid
241,e0e957aace.jpg,jp_duminy
242,3b25eff9d0.jpg,trent_boult
243,e3f2f92d78.jpg,lungi_ngidi
244,6c61d85d1f.jpg,fakhar_zaman
245,81d398489e.jpg,mitchell_starc
246,8a88ca3d18.jpg,jasprit_bumrah
247,31cea0b996.jpg,kane_williamson
248,4d549986f5.jpg,hardik_pandya
249,0d1c06c601.jpg,rashid_khan
250,33ac444db5.jpg,jasprit_bumrah
251,1bef323ffe.jpg,tom_curran
252,ca81eb24ae.jpg,faf_du_plessis
253,86273abeb6.jpg,andre_russell
254,20d313cd51.jpg,angelo_mathews
255,9e57cfde7e.jpg,ben_stokes
256,a1732295eb.jpg,kusal_perera
257,15f61e6851.jpg,k._l._rahul
258,ebbd62b96d.jpg,babar_azam
259,e3902933c5.jpg,eoin_morgan
260,49ab382965.jpg,adam_zampa
261,a2cc2a9ac2.jpg,jason_roy
262,6263c2b79e.jpg,adil_rashid
263,d007c6ec67.jpg,aaron_finch
264,86ce7dc65b.jpg,nathan_coulter-nile
265,9054818097.jpg,angelo_mathews
266,a5c38579e1.jpg,jp_duminy
267,81f11eafb1.jpg,lungi_ngidi
268,857dafe41c.jpg,rashid_khan
269,5d6f5a980d.jpg,lungi_ngidi
270,3a0ac9d56b.jpg,ms_dhoni
271,80daf138a4.jpg,tom_curran
272,3de9d1c665.jpg,mushfiqur_rahim
273,bed3600a7d.jpg,jason_roy
274,e3e3c309c3.jpg,anrich_nortje
275,1c26094630.jpg,anrich_nortje
276,9b4cbfdc53.jpg,ravindra_jadeja
277,5a12ca34b8.jpg,joe_root
278,4de669bb87.jpg,ravindra_jadeja
279,ace81a5c32.jpg,ms_dhoni
280,4c07939974.jpg,tom_curran
281,bebaa02f37.jpg,ross_taylor
282,3075db1399.jpg,shakib_al_hasan
283,fa5aa42ef9.jpg,kane_williamson
284,c25c37a1c8.jpg,shadab_khan
285,fc805a3a39.jpg,marcus_stoinis
286,d6f55115e6.jpg,shikhar_dhawan
287,0f3173499e.jpg,shakib_al_hasan
288,78f18e8458.jpg,hardik_pandya
289,214ae71f29.jpg,bhuvneshwar_kumar
290,5add7bb9b5.jpg,rohit_sharma
291,314e036b28.jpg,nathan_coulter-nile
292,4045fae6c6.jpg,kemar_roach
293,3529570d61.jpg,jos_buttler
294,a2a9f9c5c7.jpg,jason_holder
295,37a4f63ffd.jpg,lungi_ngidi
296,c191f96dd3.jpg,joe_root
297,b689142c65.jpg,shikhar_dhawan
298,dbd35498fd.jpg,alex_carey
299,da18060c20.jpg,lungi_ngidi
300,9e645bc390.jpg,k._l._rahul
301,3c665b4e95.jpg,shikhar_dhawan
302,18c65f26f7.jpg,dinesh_karthik
303,4202b0da29.jpg,angelo_mathews
304,7c7b3dea23.jpg,mujeeb_ur_rahman
305,046ea686c3.jpg,eoin_morgan
306,c864930f8a.jpg,kuldeep_yadav
307,0e1136b02b.jpg,lungi_ngidi
308,4a0ae33330.jpg,jason_roy
309,8758c73a4b.jpg,andre_russell
310,81413e0521.jpg,mujeeb_ur_rahman
311,54d44c42fe.jpg,shadab_khan
312,68b30d07bf.jpg,fakhar_zaman
313,869e80a138.jpg,aaron_finch
314,ae849615c2.jpg,ms_dhoni
315,749c90d2d3.jpg,mujeeb_ur_rahman
316,ca55d689ff.jpg,eoin_morgan
317,bc0eff1168.jpg,jason_holder
318,ab56b6cf9a.jpg,tom_curran
319,c77b4fe868.jpg,adam_zampa
320,209493acbd.jpg,mohammad_hafeez
321,a45a2542c6.jpg,mujeeb_ur_rahman
322,ab3d15caf3.jpg,marcus_stoinis
323,510579d82a.jpg,jason_holder
324,4e894190de.jpg,mitchell_starc
325,1044af47df.jpg,adam_zampa
326,178328b2a4.jpg,virat_kohli
327,6bc5f0d335.jpg,imam-ul-haq
328,5568666dbf.jpg,steve_smith
329,e9c3a1035e.jpg,rohit_sharma
330,f5443489fd.jpg,ben_stokes
331,ef2ea6cf70.jpg,nicholas_pooran
332,1055c9c0d3.jpg,tabraiz_shamsi
333,87275a01ac.jpg,eoin_morgan
334,06f4c2e8c5.jpg,sarfaraz_ahmed
335,c07aa3f881.jpg,jason_roy
336,e7ae7e2935.jpg,tabraiz_shamsi
337,1b49215f1a.jpg,joe_root
338,d0ee3f8fc1.jpg,angelo_mathews
339,3d3927fce1.jpg,shimron_hetmyer
340,730770c4cb.jpg,adil_rashid
341,fa1d281385.jpg,adil_rashid
342,8924f23a2e.jpg,adam_zampa
343,60ea9210e7.jpg,alex_carey
344,18d88882e6.jpg,dale_steyn
345,e0dd57397a.jpg,trent_boult
346,d33faa48ba.jpg,jasprit_bumrah
347,a40d90675e.jpg,marcus_stoinis
348,85c0efbe5d.jpg,ross_taylor
349,a1092b46d0.jpg,lasith_malinga
350,bdb831112d.jpg,jason_roy
351,c3639a542c.jpg,jasprit_bumrah
352,a456adaad4.jpg,ben_stokes
353,be73a85356.jpg,nicholas_pooran
354,3b8527c815.jpg,eoin_morgan
355,3c525e6a93.jpg,ben_stokes
356,5684c3032d.jpg,quinton_de_kock
357,95259e71a8.jpg,marcus_stoinis
358,6209343188.jpg,kusal_perera
359,9a797a8a80.jpg,fakhar_zaman
360,9f5a839f12.jpg,lasith_malinga
361,ca60e49772.jpg,jason_behrendorff
362,9227913939.jpg,mujeeb_ur_rahman
363,0e3a0f223d.jpg,shikhar_dhawan
364,e08fc0b746.jpg,lasith_malinga
365,6662048862.jpg,k._l._rahul
366,a98eb6db18.jpg,moeen_ali
367,a1d43f4256.jpg,samiullah_shinwari
368,c59a99e610.jpg,dale_steyn
369,864a30317b.jpg,shikhar_dhawan
370,307c8b01c5.jpg,anrich_nortje
371,fb6aace5a7.jpg,anrich_nortje
372,7157f93393.jpg,bhuvneshwar_kumar
373,bf3c12350b.jpg,mohammad_hafeez
374,94d2f95113.jpg,nicholas_pooran
375,be29ffc390.jpg,joe_root
376,831ca2b736.jpg,joe_root
377,5f2aa48910.jpg,jasprit_bumrah
378,d1ed0e6981.jpg,lasith_malinga
379,c3ed15173e.jpg,bhuvneshwar_kumar
380,29623f27c2.jpg,babar_azam
381,9ed3ef6ed8.jpg,adam_zampa
382,6826f70876.jpg,andre_russell
383,eb563eb0d2.jpg,tabraiz_shamsi
384,bf15eb97af.jpg,jason_behrendorff
385,bc894c9406.jpg,adam_zampa
386,311f23c9fd.jpg,mushfiqur_rahim
387,445036a763.jpg,avishka_fernando
388,1aeb592cb3.jpg,hardik_pandya
389,a7e9d5b520.jpg,steve_smith
390,b12e78c023.jpg,bhuvneshwar_kumar
391,a50ba4623b.jpg,aaron_finch
392,9fd49b636c.jpg,trent_boult
393,4113f78c43.jpg,jeevan_mendis
394,e05738a1a7.jpg,nathan_coulter-nile
395,ab0e64fd05.jpg,kemar_roach
396,245585f5f3.jpg,sarfaraz_ahmed
397,4d34d08f21.jpg,jonny_bairstow
398,42da97d9f3.jpg,jp_duminy
399,b01343d972.jpg,marcus_stoinis
400,647e2803db.jpg,anrich_nortje
401,28507b6e2f.jpg,kane_williamson
402,c7c638d271.jpg,quinton_de_kock
403,3aa8f395e0.jpg,nathan_coulter-nile
404,b270eb9eca.jpg,babar_azam
405,2771a5f131.jpg,tom_curran
406,b3eb13073a.jpg,pat_cummins
407,3cd19b9546.jpg,jos_buttler
408,6fe0c01fde.jpg,joe_root
409,b67845055f.jpg,imam-ul-haq
410,9c1c7c477f.jpg,fakhar_zaman
411,8a8e0db336.jpg,kemar_roach
412,fefa0e41fa.jpg,kemar_roach
413,2efaba2832.jpg,adam_zampa
414,35588826a1.jpg,bhuvneshwar_kumar
415,6dec46ad95.jpg,hardik_pandya
416,ad9d9523d1.jpg,shadab_khan
417,7b50d3461d.jpg,quinton_de_kock
418,79e1462a0f.jpg,tom_curran
419,591f1f2b4d.jpg,pat_cummins
420,2e8b4a4864.jpg,joe_root
421,230414389f.jpg,dinesh_karthik
422,3d264d3a5d.jpg,ross_taylor
423,6c5e55e4c6.jpg,nathan_coulter-nile
424,1269a8f3f3.jpg,dinesh_karthik
425,4d7c9de065.jpg,david_warner
426,1a438931cb.jpg,jason_roy
427,10ba19a7e3.jpg,jasprit_bumrah
428,e4df59791e.jpg,shikhar_dhawan
429,9ca0208a36.jpg,vijay_shankar
430,35e4764290.jpg,jeevan_mendis
431,30ac96c09f.jpg,angelo_mathews
432,fe5c55b9d8.jpg,andre_russell
433,133b5801b8.jpg,sarfaraz_ahmed
434,1d83ff4c30.jpg,eoin_morgan
435,252510883a.jpg,dinesh_karthik
436,0acbbcbe9a.jpg,pat_cummins
437,275e3751a7.jpg,jeevan_mendis
438,1d1cbf362b.jpg,faf_du_plessis
439,148fbb2a16.jpg,moeen_ali
440,4ea0ecd163.jpg,joe_root
441,15352f9af1.jpg,bhuvneshwar_kumar
442,4d8fdf8033.jpg,kuldeep_yadav
443,0089ca85c8.jpg,dinesh_karthik
444,05dacbf852.jpg,isuru_udana
445,8191d3ded6.jpg,kemar_roach
446,30a6593a4d.jpg,kemar_roach
447,fa102d4c11.jpg,david_warner
448,4bbd1dfcaf.jpg,moeen_ali
449,04dfbf0c8b.jpg,kemar_roach
450,42c68f32cd.jpg,andre_russell
451,e472451d7a.jpg,gulbadin_naib
452,b04e338ad1.jpg,david_warner
453,3bc06d1af8.jpg,jason_behrendorff
454,4e07910ddb.jpg,rohit_sharma
455,afe2d06232.jpg,kusal_perera
456,a2e6e872f4.jpg,jeevan_mendis
457,f9f459b254.jpg,tabraiz_shamsi
458,bb5feff7eb.jpg,ross_taylor
459,81f42e582a.jpg,avishka_fernando
460,e3f7d5971e.jpg,trent_boult
461,b84ac50820.jpg,eoin_morgan
462,113b306d09.jpg,ms_dhoni
463,fa8d04fe70.jpg,hardik_pandya
464,2e7f00b795.jpg,samiullah_shinwari
465,6f82c093a3.jpg,k._l._rahul
466,7032b5eac8.jpg,virat_kohli
467,92abe93943.jpg,jason_behrendorff
468,95bef3c664.jpg,andre_russell
469,c82a8d6163.jpg,avishka_fernando
470,557fea5254.jpg,shikhar_dhawan
471,3b3e980c61.jpg,anrich_nortje
472,8fb905127e.jpg,kane_williamson
473,46118bb998.jpg,dinesh_karthik
474,232c720c2f.jpg,joe_root
475,8d4d9d7f4a.jpg,lasith_malinga
476,7d35ce81e8.jpg,shoaib_malik
477,2af7f73a36.jpg,anrich_nortje
478,9da8b3fce0.jpg,lasith_malinga
479,93ea328b5b.jpg,adam_zampa
480,804f85dc41.jpg,dinesh_karthik
481,1c011cecdd.jpg,tom_curran
482,218fc36e39.jpg,jp_duminy
483,e0afb44aa9.jpg,mohammad_hafeez
484,89f2c93cc8.jpg,jason_roy
485,a9492617cd.jpg,fakhar_zaman
486,65104c53a0.jpg,angelo_mathews
487,35cdf3e3dd.jpg,aaron_finch
488,83d363da1c.jpg,aaron_finch
489,ab584f295b.jpg,shadab_khan
490,befd19e38e.jpg,angelo_mathews
491,8d43bd646b.jpg,k._l._rahul
492,5ab87285fa.jpg,dinesh_karthik
493,44f6463695.jpg,shakib_al_hasan
494,b2bf6da707.jpg,anrich_nortje
495,d2181f76ec.jpg,kane_williamson
496,073c25b823.jpg,ben_stokes
497,61dd30e286.jpg,vijay_shankar
498,a3b1f1424f.jpg,jp_duminy
499,8d6ed9ee79.jpg,k._l._rahul
500,0b2bfc4570.jpg,avishka_fernando
501,3092f48982.jpg,imam-ul-haq
502,7192b91a8b.jpg,david_warner
503,1d5279d6ec.jpg,jasprit_bumrah
504,ce158e6e7a.jpg,kusal_perera
505,ce85092c16.jpg,mitchell_starc
506,aa1011120f.jpg,ravindra_jadeja
507,7291568559.jpg,babar_azam
508,0392010079.jpg,thisara_perera
509,0bf0560951.jpg,quinton_de_kock
510,44bc628652.jpg,mohammad_hafeez
511,ccb41fc191.jpg,shadab_khan
512,de8e10a427.jpg,eoin_morgan
513,3ce676f27b.jpg,nicholas_pooran
514,423b68b6a7.jpg,tabraiz_shamsi
515,c57cb8ec0a.jpg,sarfaraz_ahmed
516,2bd1961a6e.jpg,nathan_coulter-nile
517,89c397780a.jpg,jason_behrendorff
518,12529e0930.jpg,eoin_morgan
519,1dd2ac4486.jpg,tabraiz_shamsi
520,4d85912f01.jpg,rashid_khan
521,2751a243e3.jpg,nicholas_pooran
522,aaa22f2cc5.jpg,jasprit_bumrah
523,ab100fec41.jpg,k._l._rahul
524,7a834c942e.jpg,kuldeep_yadav
525,41cd11d28f.jpg,mujeeb_ur_rahman
526,c7a6386e92.jpg,pat_cummins
527,45a61504c5.jpg,gulbadin_naib
528,0c3f14a77c.jpg,angelo_mathews
529,75a948d5a6.jpg,gulbadin_naib
530,e0559cc756.jpg,babar_azam
531,04d68199f5.jpg,andre_russell
532,7d6bacec71.jpg,moeen_ali
533,947002c153.jpg,mitchell_starc
534,6b55ada370.jpg,tabraiz_shamsi
535,62b3069ff2.jpg,steve_smith
536,c0d2c85a02.jpg,avishka_fernando
537,b697faf19a.jpg,dale_steyn
538,00f6765776.jpg,isuru_udana
539,50fdd98a55.jpg,sarfaraz_ahmed
540,d3305590a2.jpg,ms_dhoni
541,b6d29a420c.jpg,ms_dhoni
542,f335d42c36.jpg,shakib_al_hasan
543,7c7eb03fa6.jpg,jasprit_bumrah
544,3ec7b63c1f.jpg,moeen_ali
545,cfba19b5a6.jpg,jason_behrendorff
546,ac4feca230.jpg,ross_taylor
547,9bc29aa981.jpg,jos_buttler
548,1bf9779258.jpg,jos_buttler
549,70830a7bea.jpg,lasith_malinga
550,9f9bd46cd8.jpg,avishka_fernando
551,ce0aa320eb.jpg,jeevan_mendis
552,675a665698.jpg,vijay_shankar
553,b0fa934336.jpg,quinton_de_kock
554,33c91567c6.jpg,trent_boult
555,772e2c05c0.jpg,faf_du_plessis
556,d2fd4a1c70.jpg,adam_zampa
557,3a1bcf6220.jpg,ben_stokes
558,6cd64c707b.jpg,jason_behrendorff
559,317606c10f.jpg,angelo_mathews
560,8ffd2ab5d8.jpg,rashid_khan
561,ec74f44534.jpg,kane_williamson
562,7dace6eee7.jpg,kuldeep_yadav
563,4d04f3eaa1.jpg,mujeeb_ur_rahman
564,291b9d98f2.jpg,rashid_khan
565,f18d25954b.jpg,kane_williamson
566,89ad10508e.jpg,samiullah_shinwari
567,e3b76accef.jpg,vijay_shankar
568,9920fd1b76.jpg,dale_steyn
569,8a2d6d30aa.jpg,jp_duminy
570,9e4e6afacf.jpg,k._l._rahul
571,d600157cb7.jpg,alex_carey
572,5156f1205c.jpg,david_warner
573,e1bfdc064e.jpg,eoin_morgan
574,f235e23e32.jpg,jason_behrendorff
575,ffaa02e24c.jpg,angelo_mathews
576,093da21318.jpg,jason_roy
577,648de89dad.jpg,virat_kohli
578,0deaf54550.jpg,anrich_nortje
579,4af5106fb1.jpg,gulbadin_naib
580,edd03786a1.jpg,tom_curran
581,0cdbf094bc.jpg,jasprit_bumrah
582,aff4876977.jpg,avishka_fernando
583,29ec000013.jpg,gulbadin_naib
584,d6f2179bbb.jpg,jason_behrendorff
585,a97e1fde4a.jpg,jason_roy
586,cbd2917ea1.jpg,virat_kohli
587,27f85477be.jpg,shimron_hetmyer
588,6f6663717c.jpg,vijay_shankar
589,ec98cf4fe6.jpg,vijay_shankar
590,746b07f06b.jpg,anrich_nortje
591,0f75e3713c.jpg,angelo_mathews
592,3edc7c5048.jpg,dale_steyn
593,a77e7fc102.jpg,mitchell_starc
594,2d739a9d36.jpg,jeevan_mendis
595,24e04ed1af.jpg,andre_russell
596,07008192a0.jpg,ross_taylor
597,11696b8dee.jpg,dinesh_karthik
598,4a417ad11a.jpg,moeen_ali
599,4b7ac4cbfb.jpg,kuldeep_yadav
600,01bce94cde.jpg,dinesh_karthik
601,78422281b2.jpg,shakib_al_hasan
602,41b5a61b1e.jpg,moeen_ali
603,4b1da7612d.jpg,thisara_perera
604,176976bc0a.jpg,jason_behrendorff
605,aea9ffff44.jpg,bhuvneshwar_kumar
606,7510784f3a.jpg,bhuvneshwar_kumar
607,13348618ca.jpg,ms_dhoni
608,2786714a83.jpg,adil_rashid
609,59e59cbbf0.jpg,jasprit_bumrah
610,bba53bc834.jpg,ms_dhoni
611,f01e6645e1.jpg,angelo_mathews
612,00015a1fd8.jpg,eoin_morgan
613,d00f655bf4.jpg,jasprit_bumrah
614,23a1300887.jpg,isuru_udana
615,02e894cb48.jpg,faf_du_plessis
616,a69bab332f.jpg,ross_taylor
617,9ae101d51d.jpg,gulbadin_naib
618,3a0da2be00.jpg,gulbadin_naib
619,40e8a45bb8.jpg,chris_morris
620,c736ede4c1.jpg,mitchell_starc
621,7709bf06d8.jpg,gulbadin_naib
622,d467da8048.jpg,kemar_roach
623,11eb5f4b58.jpg,pat_cummins
624,d0369d910e.jpg,jonny_bairstow
625,3fe42d6009.jpg,thisara_perera
626,e154f5122b.jpg,eoin_morgan
627,6823b846ef.jpg,dinesh_karthik
628,0ffae89fcc.jpg,chris_morris
629,0955b3c5bf.jpg,trent_boult
630,254ca20913.jpg,tom_curran
631,4f99ec4438.jpg,jasprit_bumrah
632,e220f6c061.jpg,ravindra_jadeja
633,5cc4d60ded.jpg,jason_roy
634,aeaf21db05.jpg,avishka_fernando
635,1ab6bae81c.jpg,avishka_fernando
636,094d3d9aa4.jpg,kuldeep_yadav
637,f3e9be8017.jpg,kane_williamson
638,4a2970bffe.jpg,tabraiz_shamsi
639,2efe808b9e.jpg,marcus_stoinis
640,9c4df8f1c9.jpg,lasith_malinga
641,1ab049ff9d.jpg,quinton_de_kock
642,700d00fe30.jpg,shimron_hetmyer
643,f87a2da2eb.jpg,babar_azam
644,e14dbc0627.jpg,adil_rashid
645,71c60239ac.jpg,nathan_coulter-nile
646,28c4d84159.jpg,kuldeep_yadav
647,fcb503fc90.jpg,adil_rashid
648,44ceebe692.jpg,kane_williamson
649,99d0434297.jpg,rohit_sharma
650,d2ff74540d.jpg,imam-ul-haq
651,1597d2b75e.jpg,kane_williamson
652,1b1b33e9d0.jpg,sarfaraz_ahmed
653,5fb5f338be.jpg,jeevan_mendis
654,5526f4d301.jpg,shimron_hetmyer
655,8e8faecbbd.jpg,shadab_khan
656,4b475b9404.jpg,sarfaraz_ahmed
657,f346400e5c.jpg,kusal_perera
658,a2a88d1e9e.jpg,trent_boult
659,56358a9111.jpg,tabraiz_shamsi
660,5195e7c1ee.jpg,rashid_khan
661,8c22277b45.jpg,anrich_nortje
662,11cfcd94f5.jpg,jos_buttler
663,b95e51267d.jpg,lasith_malinga
664,eef2cea56d.jpg,bhuvneshwar_kumar
665,dd4e7660fc.jpg,steve_smith
666,bb1a986b6d.jpg,mohammad_hafeez
667,5a51b5ec69.jpg,pat_cummins
668,83a084125b.jpg,imam-ul-haq
669,feeee5aab7.jpg,dale_steyn
670,ae61e6facd.jpg,kuldeep_yadav
671,1a8ea3f702.jpg,virat_kohli
672,58c0696083.jpg,rashid_khan
673,6045de6ce7.jpg,faf_du_plessis
674,28dd9549ba.jpg,kane_williamson
675,f651262b9e.jpg,rashid_khan
676,01f543d619.jpg,shakib_al_hasan
677,6929f1f4c3.jpg,moeen_ali
678,431e489fcb.jpg,shimron_hetmyer
679,0ac1dd233f.jpg,chris_morris
680,35774b7673.jpg,ben_stokes
681,e2485fcf4e.jpg,david_warner
682,b32de906e8.jpg,fakhar_zaman
683,a266325a49.jpg,ross_taylor
684,5acb1cf9c2.jpg,mitchell_starc
685,d5e789bd50.jpg,thisara_perera
686,99f364ef7c.jpg,hardik_pandya
687,e2f2e546c8.jpg,shikhar_dhawan
688,b39604b6f1.jpg,kemar_roach
689,0f82f512d7.jpg,ravindra_jadeja
690,eafd9c7f1e.jpg,ross_taylor
691,4c9a515fdb.jpg,sarfaraz_ahmed
692,642b342a6b.jpg,dale_steyn
693,d83dd7ff6f.jpg,david_warner
694,53a4d8f779.jpg,adam_zampa
695,801d34c940.jpg,rohit_sharma
696,43a3120750.jpg,david_warner
697,2adccb594c.jpg,shimron_hetmyer
698,218e24be33.jpg,shakib_al_hasan
699,74ca1b1b7d.jpg,kemar_roach
700,02b099682c.jpg,dale_steyn
701,0befdf2620.jpg,moeen_ali
702,0be6a82880.jpg,virat_kohli
703,15b45d9668.jpg,anrich_nortje
704,ce7762e97d.jpg,mujeeb_ur_rahman
705,b798b55105.jpg,jason_behrendorff
706,9af131c62b.jpg,gulbadin_naib
707,7897feefc1.jpg,jason_behrendorff
708,e59b8ccee9.jpg,david_warner
709,e56f00fd5b.jpg,ravindra_jadeja
710,7204169ae4.jpg,steve_smith
711,4c083b61c7.jpg,k._l._rahul
712,e31592e9e5.jpg,marcus_stoinis
713,0c723b41c3.jpg,adil_rashid
714,cd15f87d75.jpg,ravindra_jadeja
715,362281c80d.jpg,kusal_perera
716,b345d9e913.jpg,jeevan_mendis
717,23b7f5660a.jpg,anrich_nortje
718,00a3f9ac30.jpg,jonny_bairstow
719,524881024f.jpg,isuru_udana
720,159a9c8897.jpg,jeevan_mendis
721,b4a7a2fb40.jpg,rohit_sharma
722,fd9eacedaa.jpg,mushfiqur_rahim
723,6eea7e2dc2.jpg,dale_steyn
724,90fca0556c.jpg,shadab_khan
725,7a3d3d0b9d.jpg,virat_kohli
726,56c267a526.jpg,dale_steyn
727,30b006d0e2.jpg,jos_buttler
728,a46cc037ad.jpg,mohammad_hafeez
729,a0bed59cf7.jpg,jp_duminy
730,438b1aef16.jpg,shikhar_dhawan
731,ae8e38d327.jpg,avishka_fernando
732,0b67a39e2c.jpg,dinesh_karthik
733,00a4242ac1.jpg,kuldeep_yadav
734,760eee71d6.jpg,thisara_perera
735,ce29694273.jpg,bhuvneshwar_kumar
736,caaf44b34d.jpg,ravindra_jadeja
737,2ea2bed204.jpg,fakhar_zaman
738,1327ca43ee.jpg,nicholas_pooran
739,ef5b9101c9.jpg,vijay_shankar
740,63e7f0cad0.jpg,gulbadin_naib
741,45cacfd3c6.jpg,adam_zampa
742,201b0835e6.jpg,chris_morris
743,f218b7cd15.jpg,nathan_coulter-nile
744,a7e4baadac.jpg,alex_carey
745,c2681454f2.jpg,ms_dhoni
746,3bc59c5847.jpg,eoin_morgan
747,e574053930.jpg,imam-ul-haq
748,600e0fa7e7.jpg,babar_azam
749,67defd4a25.jpg,lasith_malinga
750,249e0e627a.jpg,thisara_perera
751,9bd32aad0d.jpg,angelo_mathews
752,dc7179365a.jpg,shakib_al_hasan
753,c7371f3692.jpg,kusal_perera
754,58a4b22be3.jpg,moeen_ali
755,aa908fc299.jpg,jonny_bairstow
756,bcfb19a8bd.jpg,pat_cummins
757,7975e10be6.jpg,rohit_sharma
758,f123abacb3.jpg,jp_duminy
759,469e542b76.jpg,angelo_mathews
760,b7b5fd6b0a.jpg,marcus_stoinis
761,212d2e9543.jpg,sarfaraz_ahmed
762,02e3bd1edf.jpg,shakib_al_hasan
763,a29cce0a2b.jpg,quinton_de_kock
764,0fdee3b21b.jpg,vijay_shankar
765,fda3358c50.jpg,kusal_perera
766,071977a621.jpg,kane_williamson
767,c25e100370.jpg,dinesh_karthik
768,5386c388ee.jpg,mushfiqur_rahim
769,186a296ef4.jpg,jason_behrendorff
770,8aba7e84c9.jpg,ms_dhoni
771,3456f0a1c4.jpg,rohit_sharma
772,5066f908e0.jpg,ben_stokes
773,4107e15e09.jpg,isuru_udana
774,2d3a6ed76f.jpg,shakib_al_hasan
775,6fc2997da1.jpg,mitchell_starc
776,45e48b237f.jpg,vijay_shankar
777,d6d4a52bc6.jpg,bhuvneshwar_kumar
778,8a5df5d702.jpg,avishka_fernando
779,464564944f.jpg,anrich_nortje
780,1c78699849.jpg,k._l._rahul
781,7a6bad6649.jpg,tabraiz_shamsi
782,f171d35cf1.jpg,quinton_de_kock
783,af62886407.jpg,trent_boult
784,aa03ba5cf9.jpg,joe_root
785,545b28f888.jpg,moeen_ali
786,b4edd17c3e.jpg,samiullah_shinwari
787,d49c572a6b.jpg,virat_kohli
788,37486dd5b0.jpg,isuru_udana
789,06d1bf0832.jpg,andre_russell
790,9f22d362fe.jpg,mohammad_hafeez
791,33c5fe758b.jpg,mujeeb_ur_rahman
792,eff081d583.jpg,pat_cummins
793,2b030bdbca.jpg,marcus_stoinis
794,7c4673a8ea.jpg,nathan_coulter-nile
795,a8ea37f164.jpg,chris_morris
796,36be34a406.jpg,k._l._rahul
797,41f010e5e0.jpg,kuldeep_yadav
798,9cc2bd1b11.jpg,nathan_coulter-nile
799,3d3a5f7bc8.jpg,jonny_bairstow
800,4d2c271988.jpg,ross_taylor
801,8b1797191c.jpg,dale_steyn
802,aa9e2457c6.jpg,kemar_roach
803,6347815418.jpg,kuldeep_yadav
804,1c0fe06570.jpg,ross_taylor
805,890b861d91.jpg,rohit_sharma
806,85e47f5a6a.jpg,isuru_udana
807,057eb26764.jpg,dale_steyn
808,7974559a5a.jpg,kemar_roach
809,5c8abf60e0.jpg,jp_duminy
810,515f28a005.jpg,jason_behrendorff
811,84585cef29.jpg,imam-ul-haq
812,c479a7371d.jpg,rashid_khan
813,b7f50cfaea.jpg,mohammad_hafeez
814,6112238cac.jpg,babar_azam
815,27383b248d.jpg,imam-ul-haq
816,f5c0880f12.jpg,chris_morris
817,45c848225e.jpg,faf_du_plessis
818,e2af5bf4a6.jpg,mohammad_hafeez
819,4541f4cd88.jpg,tom_curran
820,3e186fa47c.jpg,ross_taylor
821,f41fb1e8a2.jpg,ms_dhoni
822,4bc0e79e32.jpg,mitchell_starc
823,ce5111d0c5.jpg,marcus_stoinis
824,25cdddf456.jpg,adil_rashid
825,bc0551c105.jpg,pat_cummins
826,e39adef2b6.jpg,andre_russell
827,32fa0ee3ae.jpg,shimron_hetmyer
828,dd6eacd1a5.jpg,fakhar_zaman
829,5c935693bc.jpg,dale_steyn
830,85f347f056.jpg,marcus_stoinis
831,5285ef60e3.jpg,gulbadin_naib
832,106bf89f85.jpg,dale_steyn
833,2de085a2bd.jpg,lungi_ngidi
834,f1f96a6324.jpg,virat_kohli
835,6ff04e3910.jpg,steve_smith
836,ff75027d8c.jpg,thisara_perera
837,5805072ba4.jpg,eoin_morgan
838,aeb1b8c8fa.jpg,alex_carey
839,635b22f394.jpg,lasith_malinga
840,c5800dabc8.jpg,k._l._rahul
841,900f2b0030.jpg,k._l._rahul
842,20cc9e9c75.jpg,tabraiz_shamsi
843,605905700d.jpg,k._l._rahul
844,c115903f82.jpg,jason_roy
845,203c4b88bd.jpg,mitchell_starc
846,c3e6cf7437.jpg,trent_boult
847,e5b2841e42.jpg,alex_carey
848,d90c27d878.jpg,chris_morris
849,cd7bbfecce.jpg,moeen_ali
850,e4e57fdb6c.jpg,jos_buttler
851,356cf90c44.jpg,anrich_nortje
852,2cd51c0302.jpg,marcus_stoinis
853,5134b709ff.jpg,kusal_perera
854,8175db0c2c.jpg,bhuvneshwar_kumar
855,93f0224a62.jpg,nathan_coulter-nile
856,fb24db2dec.jpg,david_warner
857,78298798e6.jpg,angelo_mathews
858,345c629c4c.jpg,shimron_hetmyer
859,6b9d79fe28.jpg,virat_kohli
860,c8ca82e0b2.jpg,shikhar_dhawan
861,cb68697d69.jpg,virat_kohli
862,47b5314a3f.jpg,nathan_coulter-nile
863,f352c9e0f3.jpg,kuldeep_yadav
864,6a99fccccb.jpg,hardik_pandya
865,94ad31dad6.jpg,alex_carey
866,ecd84b4122.jpg,shakib_al_hasan
867,41efa48904.jpg,shikhar_dhawan
868,85b876c064.jpg,faf_du_plessis
869,b2dd53b4a8.jpg,ross_taylor
870,82edeb0c67.jpg,shakib_al_hasan
871,cc5cf939bd.jpg,moeen_ali
872,d711ac8393.jpg,thisara_perera
873,0d2734eccb.jpg,lasith_malinga
874,ab9a2daca1.jpg,kuldeep_yadav
875,293f767879.jpg,adam_zampa
876,6bfc96d290.jpg,jonny_bairstow
877,af74d0bf26.jpg,nathan_coulter-nile
878,07dde57317.jpg,steve_smith
879,a383080335.jpg,rashid_khan
880,63ff532e14.jpg,quinton_de_kock
881,fb3ed21338.jpg,kemar_roach
882,e1643604e8.jpg,alex_carey
883,663cd419e5.jpg,shikhar_dhawan
884,7b43ea38a4.jpg,kusal_perera
885,f3b5f3626e.jpg,kusal_perera
886,f7d292dbbb.jpg,jason_holder
887,0c279eb6f6.jpg,aaron_finch
888,f4c86aa534.jpg,kuldeep_yadav
889,466e2fe56c.jpg,ravindra_jadeja
890,9d9e6c7a74.jpg,nathan_coulter-nile
891,dd255c3220.jpg,nathan_coulter-nile
892,0a8dbc1488.jpg,ross_taylor
893,f11e20f854.jpg,moeen_ali
894,a6af6fbb34.jpg,dale_steyn
895,26b1905a6b.jpg,faf_du_plessis
896,15ad506004.jpg,kemar_roach
897,ecff75c743.jpg,mushfiqur_rahim
898,e0165740cb.jpg,k._l._rahul
899,d7c2b13e70.jpg,kuldeep_yadav
900,ce3272554a.jpg,tabraiz_shamsi
901,34cfb0f215.jpg,kemar_roach
902,d1fab1921f.jpg,shikhar_dhawan
903,e3129838ef.jpg,sarfaraz_ahmed
904,a5e1023173.jpg,dale_steyn
905,d28c4de062.jpg,bhuvneshwar_kumar
906,fe62878bfd.jpg,moeen_ali
907,c13c9cfc25.jpg,kane_williamson
908,171bbf2b69.jpg,mushfiqur_rahim
909,38c9bafa01.jpg,kane_williamson
910,713fd245bb.jpg,gulbadin_naib
911,47455a460f.jpg,tabraiz_shamsi
912,12b898ec07.jpg,virat_kohli
913,ebd83797d5.jpg,shikhar_dhawan
914,d2ba30d6ff.jpg,mohammad_hafeez
915,4cd670e546.jpg,marcus_stoinis
916,4a51b44bc1.jpg,gulbadin_naib
917,8559ffb6a6.jpg,jeevan_mendis
918,faa5424bd7.jpg,vijay_shankar
919,7d0e62ab95.jpg,lungi_ngidi
920,b16e91be4a.jpg,jason_roy
921,c6cfa3d550.jpg,aaron_finch
922,e53702dc2b.jpg,david_warner
923,e019ab355c.jpg,dinesh_karthik
924,86bcaebaf4.jpg,shikhar_dhawan
925,63d22cf83f.jpg,vijay_shankar
926,8aa12de3e0.jpg,jason_behrendorff
927,c0103b7e46.jpg,shimron_hetmyer
928,c4e62c62e5.jpg,andre_russell
929,c1905858f8.jpg,faf_du_plessis
930,5604e58305.jpg,mitchell_starc
931,7d846be83c.jpg,gulbadin_naib
932,cabd3cbc89.jpg,kuldeep_yadav
933,03d72b778a.jpg,kane_williamson
934,43c54f18d1.jpg,shakib_al_hasan
935,aa0ae29826.jpg,gulbadin_naib
936,4df4915721.jpg,kemar_roach
937,ebbe6b2103.jpg,jasprit_bumrah
938,8eb919d80a.jpg,isuru_udana
939,819a095968.jpg,jonny_bairstow
940,acc39ca119.jpg,pat_cummins
941,5efd14a842.jpg,bhuvneshwar_kumar
942,ca5744b3c6.jpg,andre_russell
943,a334ba9811.jpg,mujeeb_ur_rahman
944,fe68dd3ece.jpg,kane_williamson
945,bfb40e5476.jpg,jos_buttler
946,203c4b88bd.jpg,pat_cummins
947,cad4e6107d.jpg,vijay_shankar
948,c8d8429a14.jpg,dale_steyn
949,698ce0a9f9.jpg,mohammad_hafeez
950,48c9525ce2.jpg,isuru_udana
951,6beea4a82a.jpg,anrich_nortje
952,036a4c2952.jpg,jos_buttler
953,677ab7fb98.jpg,gulbadin_naib
954,341010acd7.jpg,imam-ul-haq
955,0bf059b742.jpg,shadab_khan
956,824011d2f7.jpg,isuru_udana
957,a0c02d9283.jpg,trent_boult
958,8ffbf48333.jpg,adil_rashid
959,bbfb81c7d4.jpg,fakhar_zaman
960,6dc923b1e8.jpg,jasprit_bumrah
961,ffde4fd8d2.jpg,david_warner
962,4c5dc62e5a.jpg,tom_curran
963,9f6e6a7655.jpg,tom_curran
964,6163d1e555.jpg,lungi_ngidi
965,e1b4d8cd26.jpg,imam-ul-haq
966,71ef302734.jpg,pat_cummins
967,d84b815695.jpg,kuldeep_yadav
968,fc45161b55.jpg,andre_russell
969,19cb7e7cb2.jpg,adil_rashid
970,10bf32efa0.jpg,imam-ul-haq
971,b2e7c676e3.jpg,thisara_perera
972,6a1812dcb3.jpg,shikhar_dhawan
973,182db602d0.jpg,ben_stokes
974,5990b70d54.jpg,jason_roy
975,81d0505828.jpg,shoaib_malik
976,e68302a389.jpg,shoaib_malik
977,74dc06bb95.jpg,jp_duminy
978,0512b04923.jpg,moeen_ali
979,1d3099fc38.jpg,adam_zampa
980,09994a2a6d.jpg,lasith_malinga
981,de72b89c2c.jpg,shoaib_malik
982,b361394dfd.jpg,dale_steyn
983,397a948cf0.jpg,jason_holder
984,ef6c6c49b2.jpg,k._l._rahul
985,8455859519.jpg,moeen_ali
986,68693196ac.jpg,mohammad_hafeez
987,38a91a5b28.jpg,jp_duminy
988,93ecbada84.jpg,lungi_ngidi
989,58c18ec4f0.jpg,mohammad_hafeez
990,b6d42ed973.jpg,shadab_khan
991,88c27a5df6.jpg,shikhar_dhawan
992,9fcbdc0a68.jpg,ravindra_jadeja
993,c198054826.jpg,samiullah_shinwari
994,a9c181103e.jpg,andre_russell
